{"cameraMode":{"drawMode":0,"name":"Shaded","section":"Shading Mode"},"sceneLighting":true,"audioPlay":false,"sceneViewState":{"showFog":true,"showMaterialUpdate":false,"showSkybox":true,"showFlares":true,"showImageEffects":true,"showParticleSystems":true},"in2DMode":false,"pivot":{"x":1.2635231018066407,"y":-0.4173446297645569,"z":163.98611450195313},"rotation":{"x":-0.1541833132505417,"y":0.010964430868625641,"z":-0.0017130420310422779,"w":-0.9879897236824036},"size":4.737617015838623,"orthographic":false}