{"cameraMode":{"drawMode":0,"name":"Shaded","section":"Shading Mode"},"sceneLighting":false,"audioPlay":false,"sceneViewState":{"showFog":true,"showMaterialUpdate":false,"showSkybox":false,"showFlares":true,"showImageEffects":true,"showParticleSystems":true},"in2DMode":false,"pivot":{"x":0.08992481231689453,"y":-0.6688112616539002,"z":-2.814734697341919},"rotation":{"x":-0.16801302134990693,"y":0.16680116951465608,"z":-0.02885737083852291,"w":-0.9711444973945618},"size":2.478785753250122,"orthographic":false}