{"cameraMode":{"drawMode":0,"name":"Shaded","section":"Shading Mode"},"sceneLighting":false,"audioPlay":false,"sceneViewState":{"showFog":true,"showMaterialUpdate":false,"showSkybox":false,"showFlares":true,"showImageEffects":true,"showParticleSystems":true},"in2DMode":false,"pivot":{"x":-1.1997177600860596,"y":-0.37910890579223635,"z":30.008193969726564},"rotation":{"x":0.06412822008132935,"y":-0.026350008323788644,"z":0.0016958947526291013,"w":0.9975989460945129},"size":2.4531874656677248,"orthographic":false}