{"cameraMode":{"drawMode":0,"name":"Shaded","section":"Shading Mode"},"sceneLighting":false,"audioPlay":false,"sceneViewState":{"showFog":true,"showMaterialUpdate":false,"showSkybox":false,"showFlares":true,"showImageEffects":true,"showParticleSystems":true},"in2DMode":false,"pivot":{"x":-0.009544067084789276,"y":-0.407890260219574,"z":-4.610000133514404},"rotation":{"x":-0.053271468728780749,"y":-0.6739481687545776,"z":-0.048798538744449618,"w":0.7352703809738159},"size":0.12347210943698883,"orthographic":false}