{"cameraMode":{"drawMode":0,"name":"Shaded","section":"Shading Mode"},"sceneLighting":false,"audioPlay":false,"sceneViewState":{"showFog":true,"showMaterialUpdate":false,"showSkybox":false,"showFlares":true,"showImageEffects":true,"showParticleSystems":true},"in2DMode":false,"pivot":{"x":160.16534423828126,"y":804.2000122070313,"z":0.0},"rotation":{"x":-0.23261651396751405,"y":0.058303166180849078,"z":-0.014024384319782257,"w":-0.9707461595535278},"size":56.22870635986328,"orthographic":false}