{"cameraMode":{"drawMode":0,"name":"Shaded","section":"Shading Mode"},"sceneLighting":false,"audioPlay":false,"sceneViewState":{"showFog":true,"showMaterialUpdate":false,"showSkybox":false,"showFlares":true,"showImageEffects":true,"showParticleSystems":true},"in2DMode":false,"pivot":{"x":5.960464477539063e-8,"y":-0.909318745136261,"z":33.10747528076172},"rotation":{"x":-0.31086212396621706,"y":0.02421165071427822,"z":-0.0080012371763587,"w":-0.9501557946205139},"size":8.875306129455567,"orthographic":false}