{"cameraMode":{"drawMode":0,"name":"Shaded","section":"Shading Mode"},"sceneLighting":false,"audioPlay":false,"sceneViewState":{"showFog":true,"showMaterialUpdate":false,"showSkybox":false,"showFlares":true,"showImageEffects":true,"showParticleSystems":true},"in2DMode":false,"pivot":{"x":0.006548114120960236,"y":-0.37123531103134158,"z":0.8292664885520935},"rotation":{"x":0.14123323559761048,"y":-0.25470873713493349,"z":0.03767699375748634,"w":0.9559282660484314},"size":0.16366173326969148,"orthographic":false}