{"cameraMode":{"drawMode":0,"name":"Shaded","section":"Shading Mode"},"sceneLighting":false,"audioPlay":false,"sceneViewState":{"showFog":true,"showMaterialUpdate":false,"showSkybox":false,"showFlares":true,"showImageEffects":true,"showParticleSystems":true},"in2DMode":false,"pivot":{"x":1.200282335281372,"y":-0.1791088730096817,"z":30.008193969726564},"rotation":{"x":0.040085434913635257,"y":-0.06979444622993469,"z":0.002808868419378996,"w":0.9967581629753113},"size":2.1531875133514406,"orthographic":false}