{"cameraMode":{"drawMode":0,"name":"Shaded","section":"Shading Mode"},"sceneLighting":true,"audioPlay":false,"sceneViewState":{"showFog":true,"showMaterialUpdate":false,"showSkybox":true,"showFlares":true,"showImageEffects":true,"showParticleSystems":true},"in2DMode":false,"pivot":{"x":0.0,"y":-0.46000003814697268,"z":216.9612579345703},"rotation":{"x":0.158029243350029,"y":-0.0038571981713175775,"z":0.0006231604493223131,"w":0.9874374270439148},"size":2.657536506652832,"orthographic":false}