{"cameraMode":{"drawMode":0,"name":"Shaded","section":"Shading Mode"},"sceneLighting":false,"audioPlay":false,"sceneViewState":{"showFog":true,"showMaterialUpdate":false,"showSkybox":false,"showFlares":true,"showImageEffects":true,"showParticleSystems":true},"in2DMode":false,"pivot":{"x":-0.09742391109466553,"y":-0.7980422973632813,"z":221.70396423339845},"rotation":{"x":-0.31086212396621706,"y":0.02421165071427822,"z":-0.0080012371763587,"w":-0.9501557946205139},"size":8.885148048400879,"orthographic":false}